Disease,Description
Drug Reaction,An adverse drug reaction (ADR) is an injury caused by taking medication. ADRs may occur following a single dose or prolonged administration of a drug or result from the combination of two or more drugs.
Malaria,An infectious disease caused by protozoan parasites from the Plasmodium family that can be transmitted by the bite of the Anopheles mosquito or by a contaminated needle or transfusion. Falciparum malaria is the most deadly type.
Allergy,"An allergy is an immune system response to a foreign substance that's not typically harmful to your body.They can include certain foods, pollen, or pet dander. Your immune system's job is to keep you healthy by fighting harmful pathogens."
Hypothyroidism,"Hypothyroidism, also called underactive thyroid or low thyroid, is a disorder of the endocrine system in which the thyroid gland does not produce enough thyroid hormone."
Psoriasis,"Psoriasis is a common skin disorder that forms thick, red, bumpy patches covered with silvery scales. They can pop up anywhere, but most appear on the scalp, elbows, knees, and lower back. Psoriasis can't be passed from person to person. It does sometimes happen in members of the same family."
GERD,"Gastroesophageal reflux disease, or GERD, is a digestive disorder that affects the lower esophageal sphincter (LES), the ring of muscle between the esophagus and stomach. Many people, including pregnant women, suffer from heartburn or acid indigestion caused by GERD."
Chronic cholestasis,"Chronic cholestatic diseases, whether occurring in infancy, childhood or adulthood, are characterized by defective bile acid transport from the liver to the intestine, which is caused by primary damage to the biliary epithelium in most cases"
hepatitis A,Hepatitis A is a highly contagious liver infection caused by the hepatitis A virus. The virus is one of several types of hepatitis viruses that cause inflammation and affect your liver's ability to function.
Osteoarthristis,"Osteoarthritis is the most common form of arthritis, affecting millions of people worldwide. It occurs when the protective cartilage that cushions the ends of your bones wears down over time."
(vertigo) Paroymsal  Positional Vertigo,Benign paroxysmal positional vertigo (BPPV) is one of the most common causes of vertigo — the sudden sensation that you're spinning or that the inside of your head is spinning. Benign paroxysmal positional vertigo causes brief episodes of mild to intense dizziness.
Hypoglycemia, Hypoglycemia is a condition in which your blood sugar (glucose) level is lower than normal. Glucose is your body's main energy source. Hypoglycemia is often related to diabetes treatment. But other drugs and a variety of conditions — many rare — can cause low blood sugar in people who don't have diabetes.
Acne,"Acne vulgaris is the formation of comedones, papules, pustules, nodules, and/or cysts as a result of obstruction and inflammation of pilosebaceous units (hair follicles and their accompanying sebaceous gland). Acne develops on the face and upper trunk. It most often affects adolescents."
Diabetes,"Diabetes is a disease that occurs when your blood glucose, also called blood sugar, is too high. Blood glucose is your main source of energy and comes from the food you eat. Insulin, a hormone made by the pancreas, helps glucose from food get into your cells to be used for energy."
Impetigo,"Impetigo (im-puh-TIE-go) is a common and highly contagious skin infection that mainly affects infants and children. Impetigo usually appears as red sores on the face, especially around a child's nose and mouth, and on hands and feet. The sores burst and develop honey-colored crusts."
Hypertension,"Hypertension (HTN or HT), also known as high blood pressure (HBP), is a long-term medical condition in which the blood pressure in the arteries is persistently elevated. High blood pressure typically does not cause symptoms."
Peptic ulcer diseae,"Peptic ulcer disease (PUD) is a break in the inner lining of the stomach, the first part of the small intestine, or sometimes the lower esophagus. An ulcer in the stomach is called a gastric ulcer, while one in the first part of the intestines is a duodenal ulcer."
Dimorphic hemorrhoids(piles),"Hemorrhoids, also spelled haemorrhoids, are vascular structures in the anal canal. In their ... Other names, Haemorrhoids, piles, hemorrhoidal disease ."
Common Cold,"The common cold is a viral infection of your nose and throat (upper respiratory tract). It's usually harmless, although it might not feel that way. Many types of viruses can cause a common cold."
Chicken pox,"Chickenpox is a highly contagious disease caused by the varicella-zoster virus (VZV). It can cause an itchy, blister-like rash. The rash first appears on the chest, back, and face, and then spreads over the entire body, causing between 250 and 500 itchy blisters."
Cervical spondylosis,"Cervical spondylosis is a general term for age-related wear and tear affecting the spinal disks in your neck. As the disks dehydrate and shrink, signs of osteoarthritis develop, including bony projections along the edges of bones (bone spurs)."
Hyperthyroidism,"Hyperthyroidism (overactive thyroid) occurs when your thyroid gland produces too much of the hormone thyroxine. Hyperthyroidism can accelerate your body's metabolism, causing unintentional weight loss and a rapid or irregular heartbeat."
Urinary tract infection,"Urinary tract infection: An infection of the kidney, ureter, bladder, or urethra. Abbreviated UTI. Not everyone with a UTI has symptoms, but common symptoms include a frequent urge to urinate and pain or burning when urinating."
Varicose veins,"A vein that has enlarged and twisted, often appearing as a bulging, blue blood vessel that is clearly visible through the skin. Varicose veins are most common in older adults, particularly women, and occur especially on the legs."
AIDS,"Acquired immunodeficiency syndrome (AIDS) is a chronic, potentially life-threatening condition caused by the human immunodeficiency virus (HIV). By damaging your immune system, HIV interferes with your body's ability to fight infection and disease."
Paralysis (brain hemorrhage),"Intracerebral hemorrhage (ICH) is when blood suddenly bursts into brain tissue, causing damage to your brain. Symptoms usually appear suddenly during ICH. They include headache, weakness, confusion, and paralysis, particularly on one side of your body."
Typhoid,"An acute illness characterized by fever caused by infection with the bacterium Salmonella typhi. Typhoid fever has an insidious onset, with fever, headache, constipation, malaise, chills, and muscle pain. Diarrhea is uncommon, and vomiting is not usually severe."
Hepatitis B,"Hepatitis B is an infection of your liver. It can cause scarring of the organ, liver failure, and cancer. It can be fatal if it isn't treated. It's spread when people come in contact with the blood, open sores, or body fluids of someone who has the hepatitis B virus."
Fungal infection,"In humans, fungal infections occur when an invading fungus takes over an area of the body and is too much for the immune system to handle. Fungi can live in the air, soil, water, and plants. There are also some fungi that live naturally in the human body. Like many microbes, there are helpful fungi and harmful fungi."
Hepatitis C,"Inflammation of the liver due to the hepatitis C virus (HCV), which is usually spread via blood transfusion (rare), hemodialysis, and needle sticks. The damage hepatitis C does to the liver can lead to cirrhosis and its complications as well as cancer."
Migraine,"A migraine can cause severe throbbing pain or a pulsing sensation, usually on one side of the head. It's often accompanied by nausea, vomiting, and extreme sensitivity to light and sound. Migraine attacks can last for hours to days, and the pain can be so severe that it interferes with your daily activities."
Bronchial Asthma,"Bronchial asthma is a medical condition which causes the airway path of the lungs to swell and narrow. Due to this swelling, the air path produces excess mucus making it hard to breathe, which results in coughing, short breath, and wheezing. The disease is chronic and interferes with daily working."
Alcoholic hepatitis,"Alcoholic hepatitis is a diseased, inflammatory condition of the liver caused by heavy alcohol consumption over an extended period of time. It's also aggravated by binge drinking and ongoing alcohol use. If you develop this condition, you must stop drinking alcohol"
Jaundice,"Yellow staining of the skin and sclerae (the whites of the eyes) by abnormally high blood levels of the bile pigment bilirubin. The yellowing extends to other tissues and body fluids. Jaundice was once called the ""morbus regius"" (the regal disease) in the belief that only the touch of a king could cure it"
Hepatitis E,A rare form of liver inflammation caused by infection with the hepatitis E virus (HEV). It is transmitted via food or drink handled by an infected person or through infected water supplies in areas where fecal matter may get into the water. Hepatitis E does not cause chronic liver disease.
Dengue,"an acute infectious disease caused by a flavivirus (species Dengue virus of the genus Flavivirus), transmitted by aedes mosquitoes, and characterized by headache, severe joint pain, and a rash. — called also breakbone fever, dengue fever."
Hepatitis D,"Hepatitis D, also known as the hepatitis delta virus, is an infection that causes the liver to become inflamed. This swelling can impair liver function and cause long-term liver problems, including liver scarring and cancer. The condition is caused by the hepatitis D virus (HDV)."
Heart attack,"The death of heart muscle due to the loss of blood supply. The loss of blood supply is usually caused by a complete blockage of a coronary artery, one of the arteries that supplies blood to the heart muscle."
Pneumonia,"Pneumonia is an infection in one or both lungs. Bacteria, viruses, and fungi cause it. The infection causes inflammation in the air sacs in your lungs, which are called alveoli. The alveoli fill with fluid or pus, making it difficult to breathe."
Arthritis,"Arthritis is the swelling and tenderness of one or more of your joints. The main symptoms of arthritis are joint pain and stiffness, which typically worsen with age. The most common types of arthritis are osteoarthritis and rheumatoid arthritis."
Gastroenteritis,"Gastroenteritis is an inflammation of the digestive tract, particularly the stomach, and large and small intestines. Viral and bacterial gastroenteritis are intestinal infections associated with symptoms of diarrhea , abdominal cramps, nausea , and vomiting ."
Tuberculosis,"Tuberculosis (TB) is an infectious disease usually caused by Mycobacterium tuberculosis (MTB) bacteria. Tuberculosis generally affects the lungs, but can also affect other parts of the body. Most infections show no symptoms, in which case it is known as latent tuberculosis."
myocardial infarction,A heart attack occurs when the flow of blood to the heart is severely reduced or blocked.
hypertension,High blood pressure is a condition in which the force of the blood against the artery walls is too high.
hyperglycemia,High blood sugar happens when the body has too little insulin or cannot use insulin properly.
hypoglycemia,Low blood sugar is a condition in which your blood sugar (glucose) level is lower than the standard range.
cephalalgia,Headache is pain or discomfort in the head or face area.
pyrexia,Fever is a temporary increase in your body temperature often due to an illness.
edema,Swelling caused by excess fluid trapped in your body's tissues.
tachycardia,A heart rate that's too fast.
bradycardia,A heart rate that's too slow.
dyspnea,Shortness of breath or difficulty breathing.
neoplasm,An abnormal growth of cells which may be benign or cancerous.
idiopathic,A condition that arises spontaneously or for which the cause is unknown.
Angina Pectoris,Angina is a type of chest pain caused by reduced blood flow to the heart.
Arrhythmia,An arrhythmia is a problem with the rate or rhythm of your heartbeat. It means that your heart beats too quickly or slowly.
Atherosclerosis,Atherosclerosis is the hardening and narrowing of the arteries due to a buildup of plaque.
Bronchitis,Bronchitis is an inflammation of the lining of your bronchial tubes which carry air to and from your lungs.
COPD,Chronic obstructive pulmonary disease is a chronic inflammatory lung disease that causes obstructed airflow from the lungs.
Cirrhosis,Cirrhosis is a late-stage scarring of the liver caused by many forms of liver diseases and conditions.
Dementia,Dementia is a general term for loss of memory and language severe enough to interfere with daily life.
Emphysema,Emphysema is a lung condition that causes shortness of breath due to damaged air sacs (alveoli).
Epilepsy,Epilepsy is a neurological disorder in which brain activity becomes abnormal causing seizures.
Hematoma,A hematoma is a pool of clotted or partially clotted blood that forms in an organ or tissue (a bad bruise).
Ischemia,Ischemia is a condition in which the blood flow (and thus oxygen) is restricted or reduced in a part of the body.
Leukemia,Leukemia is cancer of the body's blood-forming tissues including the bone marrow and the lymphatic system.
Meningitis,Meningitis is an inflammation of the fluid and membranes surrounding your brain and spinal cord.
Osteoporosis,Osteoporosis causes bones to become weak and brittle so that a fall or even mild stress can cause a fracture.
Pancreatitis,Pancreatitis is inflammation in the pancreas a long flat gland that sits tucked behind the stomach.
Renal Failure,Kidney failure is a condition in which the kidneys lose the ability to remove waste and balance fluids.
Stroke,A stroke occurs when the blood supply to part of your brain is interrupted or reduced preventing brain tissue from getting oxygen.
Syncope,Syncope is the medical term for fainting or passing out usually caused by a temporary drop in blood flow to the brain.
Lethargy,Lethargy is a state of tiredness or lack of energy often accompanied by decreased motivation.
Pruritus,Pruritus is the medical term for itching which can be caused by skin diseases or internal medicine problems.
Erythema,Erythema is redness of the skin or mucous membranes caused by increased blood flow in superficial capillaries.
Cyanosis,Cyanosis is a bluish discoloration of the skin resulting from poor circulation or inadequate oxygenation of the blood.
Benign,A term used to describe a tumor or growth that is not cancerous and does not spread to other parts of the body.
Malignant,A term used to describe a tumor that is cancerous and can invade nearby tissue and spread to other parts of the body.
Metastasis,Metastasis is the spread of cancer cells from the place where they first formed to another part of the body.
Prognosis,A prognosis is a doctor's opinion about how a disease will develop and the likely outcome for the patient.
Asymptomatic,Asymptomatic means that a person has a disease or condition but does not show any symptoms of it.
Acute,Acute describes a condition that comes on suddenly and severely but usually lasts for a short time.
Chronic,Chronic describes a condition that persists over a long period of time often for months or years.
Lesion,A lesion is an area of abnormal tissue change which can be a sore a wound or a tumor.
Biopsy,A biopsy is a procedure to remove a piece of tissue or a sample of cells from your body so that it can be tested.
Edema,Edema is swelling caused by excess fluid trapped in your body's tissues.
Atrophy,Atrophy is the wasting away or reduction in size of a body part cell organ or tissue.
Hypertrophy,Hypertrophy is the enlargement of an organ or tissue from the increase in size of its cells.
Hypoxia,Hypoxia is a state in which the body or a region of the body is deprived of adequate oxygen supply at the tissue level.
Inflammation,Inflammation is the body's process of fighting against things that harm it such as infections or injuries.
Anorexia,In a medical report anorexia simply means a loss of appetite rather than the eating disorder.
Vertigo,Vertigo is a sensation of feeling off-balance or a feeling that you or your surroundings are spinning.
Palpitation,Palpitations are feelings of having a fast-beating fluttering or pounding heart.
Aneurysm,An aneurysm is a bulge or ballooning in a blood vessel in the brain or heart.
Gout,Gout is a common and complex form of arthritis that can affect anyone characterized by sudden severe attacks of pain.
Scoliosis,Scoliosis is a sideways curvature of the spine that most often is diagnosed in adolescents.
Gastritis,Gastritis is a general term for a group of conditions with one thing in common: inflammation of the lining of the stomach.
Eczema,Eczema is a condition that makes your skin red and itchy. It's common in children but can occur at any age.
Anxiety,Anxiety is an emotion characterized by feelings of tension worried thoughts and physical changes like increased blood pressure.
Depression,Depression is a mood disorder that causes a persistent feeling of sadness and loss of interest.
Hernia,A hernia occurs when an internal organ or other body part protrudes through the wall of muscle or tissue that normally contains it.
Sepsis,Sepsis is a life-threatening condition that arises when the body's response to infection causes injury to its own tissues and organs.
Insomnia,Insomnia is a common sleep disorder that can make it hard to fall asleep hard to stay asleep or cause you to wake up too early.
Hyperextension,Hyperextension is an excessive joint movement in which the angle formed by the bones of a particular joint is opened beyond its normal healthy range.