Disease,Precaution_1,Precaution_2,Precaution_3,Precaution_4
Drug Reaction,stop irritation,consult nearest hospital,stop taking drug,follow up
Malaria,Consult nearest hospital,avoid oily food,avoid non veg food,keep mosquitos out
Allergy,apply calamine,cover area with bandage,,use ice to compress itching
Hypothyroidism,reduce stress,exercise,eat healthy,get proper sleep
Psoriasis,wash hands with warm soapy water,stop bleeding using pressure,consult doctor,salt baths
GERD,avoid fatty spicy food,avoid lying down after eating,maintain healthy weight,exercise
Chronic cholestasis,cold baths,anti itch medicine,consult doctor,eat healthy
hepatitis A,Consult nearest hospital,wash hands through,avoid fatty spicy food,medication
Osteoarthristis,acetaminophen,consult nearest hospital,follow up,salt baths
(vertigo) Paroymsal  Positional Vertigo,lie down,avoid sudden change in body,avoid abrupt head movment,relax
Hypoglycemia,lie down on side,check in pulse,drink sugary drinks,consult doctor
Acne,bath twice,avoid fatty spicy food,drink plenty of water,avoid too many products
Diabetes ,have balanced diet,exercise,consult doctor,follow up
Impetigo,soak affected area in warm water,use antibiotics,remove scabs with wet compressed cloth,consult doctor
Hypertension ,meditation,salt baths,reduce stress,get proper sleep
Peptic ulcer diseae,avoid fatty spicy food,consume probiotic food,eliminate milk,limit alcohol
Dimorphic hemmorhoids(piles),avoid fatty spicy food,consume witch hazel,warm bath with epsom salt,consume alovera juice
Common Cold,drink vitamin c rich drinks,take vapour,avoid cold food,keep fever in check
Chicken pox,use neem in bathing ,consume neem leaves,take vaccine,avoid public places
Cervical spondylosis,use heating pad or cold pack,exercise,take otc pain reliver,consult doctor
Hyperthyroidism,eat healthy,massage,use lemon balm,take radioactive iodine treatment
Urinary tract infection,drink plenty of water,increase vitamin c intake,drink cranberry juice,take probiotics
Varicose veins,lie down flat and raise the leg high,use oinments,use vein compression,dont stand still for long
AIDS,avoid open cuts,wear ppe if possible,consult doctor,follow up
Paralysis (brain hemorrhage),massage,eat healthy,exercise,consult doctor
Typhoid,eat high calorie vegitables,antiboitic therapy,consult doctor,medication
Hepatitis B,consult nearest hospital,vaccination,eat healthy,medication
Fungal infection,bath twice,use detol or neem in bathing water,keep infected area dry,use clean cloths
Hepatitis C,Consult nearest hospital,vaccination,eat healthy,medication
Migraine,meditation,reduce stress,use poloroid glasses in sun,consult doctor
Bronchial Asthma,switch to loose cloothing,take deep breaths,get away from trigger,seek help
Alcoholic hepatitis,stop alcohol consumption,consult doctor,medication,follow up
Jaundice,drink plenty of water,consume milk thistle,eat fruits and high fiberous food,medication
Hepatitis E,stop alcohol consumption,rest,consult doctor,medication
Dengue,drink papaya leaf juice,avoid fatty spicy food,keep mosquitos away,keep hydrated
Hepatitis D,consult doctor,medication,eat healthy,follow up
Heart attack,call ambulance,chew or swallow asprin,keep calm,
Pneumonia,consult doctor,medication,rest,follow up
Arthritis,exercise,use hot and cold therapy,try acupuncture,massage
Gastroenteritis,stop eating solid food for while,try taking small sips of water,rest,ease back into eating
Tuberculosis,cover mouth,consult doctor,medication,rest
Common Cold,drink vitamin c rich drinks,take vapour,avoid cold food,keep fever in check
Typhus,consult doctor,medication,rest,follow up
Angina Pectoris,rest,stop activity,use nitroglycerin if prescribed,consult doctor
Arrhythmia,avoid caffeine,monitor pulse,reduce stress,consult doctor
Atherosclerosis,eat healthy,exercise,quit smoking,monitor cholesterol
Bronchitis,drink fluids,use humidifier,rest,avoid smoke
COPD,quit smoking,use inhalers,avoid pollutants,breathing exercises
Cirrhosis,stop alcohol,low salt diet,eat healthy,consult doctor
Dementia,keep routine,safe environment,mental exercise,support group
Emphysema,quit smoking,breathing exercises,avoid cold air,oxygen therapy
Epilepsy,avoid triggers,take meds regularly,get enough sleep,safety first
Hematoma,ice pack,elevate area,rest,monitor for swelling
Ischemia,seek medical help,rest,follow treatment plan,monitor symptoms
Leukemia,regular checkups,avoid infections,healthy diet,rest
Meningitis,seek immediate hospital,vaccination,stay hydrated,rest
Osteoporosis,calcium intake,vitamin d,weight bearing exercise,prevent falls
Pancreatitis,stop alcohol,low fat diet,stay hydrated,rest
Renal Failure,limit salt and protein,monitor fluid intake,follow dialysis if needed,consult doctor
Stroke,call ambulance,note time of onset,keep calm,do not give food or drink
Syncope,lie down,raise legs,stay hydrated,consult doctor
Lethargy,rest,stay hydrated,get proper sleep,consult doctor if persistent
Pruritus,use moisturizer,avoid scratching,cool bath,anti itch cream
Erythema,avoid sun,use soothing lotions,cool compress,consult doctor
Cyanosis,seek oxygen,stay warm,seek immediate medical help,monitor pulse
Benign,monitor growth,regular checkups,follow doctor advice,stay calm
Malignant,follow oncology plan,healthy diet,rest,emotional support
Metastasis,follow treatment,pain management,palliative care,consult specialist
Prognosis,follow up,healthy lifestyle,stay positive,follow treatment
Asymptomatic,regular screening,stay healthy,monitor changes,follow up
Acute,seek immediate care,rest,follow treatment,stay hydrated
Chronic,long term management,regular checkups,stay active,follow up
Lesion,keep area clean,dont pick at it,monitor changes,consult doctor
Biopsy,keep site clean,follow wound care,rest,monitor for infection
Edema,reduce salt,elevate limbs,stay active,use compression
Atrophy,physical therapy,exercise,healthy diet,consult doctor
Hypertrophy,monitor heart or muscle,moderate exercise,consult doctor,follow treatment
Hypoxia,seek oxygen,stay upright,keep airway clear,seek medical help
Inflammation,ice pack,rest,anti inflammatory diet,consult doctor
Anorexia,seek nutritional help,eat small meals,therapy,consult doctor
Vertigo,lie down,move slowly,avoid bright lights,consult doctor
Palpitation,avoid caffeine,deep breathing,relax,consult doctor
Aneurysm,control blood pressure,avoid heavy lifting,quit smoking,regular checkups
Gout,avoid high purine food,stay hydrated,use ice packs,consult doctor
Scoliosis,exercise,physical therapy,wear brace if prescribed,consult doctor
Gastritis,avoid spicy food,small frequent meals,avoid alcohol,antacids
Eczema,moisturize,avoid harsh soap,wear cotton,avoid triggers
Anxiety,deep breathing,meditation,regular exercise,therapy
Depression,seek therapy,stay connected,regular exercise,follow treatment
Hernia,avoid heavy lifting,healthy weight,use support belt,consult doctor
Sepsis,immediate hospital,antibiotics,stay hydrated,monitor vitals
Insomnia,regular sleep schedule,no caffeine at night,relax before bed,dark room
Hyperextension,rest,ice pack,use brace,physical therapy
myocardial infarction,call emergency,don't move,loosen clothing,take prescribed meds
hyperglycemia,check insulin,drink water,exercise,monitor sugar
cephalalgia,rest in dark room,hydrate,avoid stress,consult doctor
pyrexia,hydrate,rest,cool compress,monitor temperature
edema,reduce salt,elevate limbs,stay active,use compression
tachycardia,relax,avoid caffeine,deep breathing,consult doctor
bradycardia,rest,avoid strain,monitor pulse,consult doctor
dyspnea,rest,stay upright,avoid smoke,seek oxygen if severe
neoplasm,follow oncology plan,regular checkups,healthy diet,rest
idiopathic,monitor symptoms,regular checkups,stay healthy,follow up